{"_id":{"$oid":"60ab2bb05ee41f09b7f5fd3e"},"name":"Joe","username":"joe@connectedh.com","password":"joe@123","dob":"01-10-1980","mobile":"7763664463"}
{"_id":{"$oid":"60ab2bba5ee41f09b7f5fd3f"},"name":"Richard","username":"richard@connectedh.com","password":"richard@123","dob":"25-03-1986","mobile":"7735463354"}
{"_id":{"$oid":"60ab2bba5ee41f09b7f5fd40"},"name":"Sean","username":"sean@connectedh.com","password":"sean@123","dob":"12-08-1988","mobile":"9876543554"}
{"_id":{"$oid":"60ab2bbb5ee41f09b7f5fd41"},"name":"Mathew","username":"mathew@connectedh.com","password":"mathew@123","dob":"05-11-1982","mobile":"9987834223"}
