{"_id":{"$oid":"60ab2de75ee41f09b7f5fd42"},"imgUrl":"https://guesseu.scene7.com/is/image/GuessEU/M63H24W7JF0-L302-ALTGHOST?wid=1500\u0026fmt=jpeg\u0026qlt=80\u0026op_sharpen=0\u0026op_usm=1.0,1.0,5,0\u0026iccEmbed=0","name":"CHECK PRINT SHIRT","price":110.0}
{"_id":{"$oid":"60ab2de75ee41f09b7f5fd43"},"imgUrl":"https://guesseu.scene7.com/is/image/GuessEU/FLGLO4FAL12-BEIBR?wid=700\u0026amp;fmt=jpeg\u0026amp;qlt=80\u0026amp;op_sharpen=0\u0026amp;op_usm=1.0,1.0,5,0\u0026amp;iccEmbed=0","name":"GLORIA HIGH LOGO SNEAKER","price":91.0}
{"_id":{"$oid":"60ab2de75ee41f09b7f5fd44"},"imgUrl":"https://guesseu.scene7.com/is/image/GuessEU/HWVG6216060-TAN?wid=700\u0026amp;fmt=jpeg\u0026amp;qlt=80\u0026amp;op_sharpen=0\u0026amp;op_usm=1.0,1.0,5,0\u0026amp;iccEmbed=0","name":"CATE RIGID BAG","price":94.5}
{"_id":{"$oid":"60ab2de75ee41f09b7f5fd45"},"imgUrl":"http://guesseu.scene7.com/is/image/GuessEU/WC0001FMSWC-G5?wid=520\u0026fmt=jpeg\u0026qlt=80\u0026op_sharpen=0\u0026op_usm=1.0,1.0,5,0\u0026iccEmbed=0","name":"GUESS CONNECT WATCH","price":438.9}
{"_id":{"$oid":"60ab2df95ee41f09b7f5fd46"},"imgUrl":"https://guesseu.scene7.com/is/image/GuessEU/AW6308VIS03-SAP?wid=700\u0026amp;fmt=jpeg\u0026amp;qlt=80\u0026amp;op_sharpen=0\u0026amp;op_usm=1.0,1.0,5,0\u0026amp;iccEmbed=0","name":"'70s RETRO GLAM KEFIAH","price":20.0}
